{
  "old_matrix": "results/matrix_20260420_184146.json",
  "new_matrix": "results/matrix_20260426_065347.json",
  "affinity_old_weighted": 0.7071147540983607,
  "affinity_new_weighted": 0.6321311475409838,
  "affinity_old_flat": 0.7247428571428571,
  "affinity_new_flat": 0.6325714285714286,
  "cross_deck_mean_abs_delta": 0.014039187897119523,
  "top_moved_in_affinity_row": [
    [
      "sneak_b",
      0.622,
      0.4,
      -0.22199999999999998
    ],
    [
      "oops",
      0.508,
      0.31,
      -0.198
    ],
    [
      "sneak_a",
      0.65,
      0.46,
      -0.19
    ],
    [
      "dimir_flash",
      0.772,
      0.585,
      -0.18700000000000006
    ],
    [
      "cephalid",
      0.734,
      0.585,
      -0.14900000000000002
    ],
    [
      "doomsday",
      0.942,
      0.8,
      -0.1419999999999999
    ],
    [
      "dimir_c",
      0.694,
      0.555,
      -0.1389999999999999
    ],
    [
      "depths",
      0.6,
      0.465,
      -0.13499999999999995
    ]
  ],
  "top_moved_decks": [
    [
      "painter",
      0.3657377049180327,
      0.4831147540983607,
      0.11737704918032799
    ],
    [
      "affinity",
      0.7071147540983607,
      0.6321311475409838,
      -0.0749836065573769
    ],
    [
      "doomsday",
      0.3109454545454545,
      0.33727272727272734,
      0.02632727272727281
    ],
    [
      "ocelot",
      0.5319183673469388,
      0.5110204081632654,
      -0.02089795918367332
    ],
    [
      "storm",
      0.45649180327868843,
      0.4376229508196722,
      -0.01886885245901626
    ],
    [
      "dnt",
      0.600950819672131,
      0.5821311475409837,
      -0.018819672131147325
    ],
    [
      "infect",
      0.6364918032786885,
      0.6189344262295083,
      -0.017557377049180145
    ],
    [
      "mono_black",
      0.5583606557377049,
      0.5425409836065574,
      -0.015819672131147433
    ]
  ],
  "gates": {
    "tests": true,
    "affinity_direction": true,
    "cross_deck": true
  }
}