{
  "rows": {
    "prison": 0.5472972972972973,
    "painter": 0.47297297297297297,
    "eldrazi": 0.42567567567567566,
    "burn": 0.47297297297297297,
    "dimir": 0.4797297297297297
  },
  "avg": 0.4797297297297297
}