{"mean": [7.0, 2.2573750019073486, 0.42925000190734863, 1.1213749647140503, 0.7067499756813049, 1.6803749799728394, 1.0852500200271606, 0.8824999928474426, 0.8824999928474426, 0.0, 0.0, 0.0, 0.5993750095367432, 0.9828749895095825, 0.0, 0.6974999904632568, 10.383999824523926, 0.6512500047683716, 0.6890000104904175, 0.0, 0.30425000190734863, 0.0, 0.5975000262260437, 0.20225000381469727, 0.0, 0.0, 0.2016250044107437, 0.5017499923706055], "std": [1.0, 1.1254072189331055, 0.6271312236785889, 0.9339444041252136, 0.8023932576179504, 1.1044760942459106, 0.9110906720161438, 0.8729484677314758, 0.8729484677314758, 1.0, 1.0, 1.0, 0.7449456453323364, 0.8687209486961365, 1.0, 0.763424277305603, 4.762418270111084, 0.6965515613555908, 0.7550498247146606, 1.0, 0.5098670721054077, 1.0, 0.4904322624206543, 0.40170276165008545, 1.0, 1.0, 0.40123867988586426, 0.5000281929969788]}