{"mean": [4.7166666984558105, 14.489583015441895, 13.664583206176758, 0.824999988079071, 3.433333396911621, 3.143749952316284, 2.8895833492279053, 2.9000000953674316, 2.4041666984558105, 0.0, 2.320833444595337, 2.441666603088379, 0.0, 0.0, 0.010416666977107525, 0.7604166865348816, 0.0, 0.0, 0.0, 0.0, 0.17499999701976776, 0.0, 0.0, 0.0, 0.216158926486969, 0.216158926486969, 0.28268569707870483, 0.1412234753370285, 65.97916412353516, 0.9666666388511658, 1.9354166984558105, 0.0, 0.0, 0.0, -1.0, 0.0729166641831398, 0.26875001192092896, 0.0, 0.6583333611488342, 0.0729166641831398, 1.0], "std": [2.620565414428711, 5.719239711761475, 5.71066427230835, 7.078046798706055, 1.5534100532531738, 1.4981416463851929, 1.0187674760818481, 1.0350838899612427, 1.1464674472808838, 0.0, 1.0405069589614868, 1.0640909671783447, 0.0, 0.0, 0.10163503140211105, 0.5947718024253845, 0.0, 0.0, 0.0, 0.0, 0.43658381700515747, 0.0, 0.0, 0.0, 0.16783952713012695, 0.16783952713012695, 0.17830601334571838, 0.26933515071868896, 44.38392639160156, 1.8089700937271118, 0.9375020265579224, 0.0, 0.0, 0.0, 0.0, 0.2602709233760834, 0.4437721371650696, 0.0, 0.47476324439048767, 0.2602709233760834, 0.0]}