{"mean": [2.571342706680298, 14.66686725616455, 16.84379768371582, -2.1769299507141113, 4.270651817321777, 4.559327125549316, 1.6266145706176758, 1.6311204433441162, 1.3364373445510864, 0.7885251045227051, 1.6266145706176758, 0.8380895256996155, 0.0, 0.0, 0.004505857825279236, 0.4007209241390228, 0.26284170150756836, 0.472514271736145, 0.33223190903663635, 0.2589366137981415, 0.3986181914806366, 0.6497446894645691, 0.35836586356163025, 0.28386902809143066, 0.0, 0.0, 0.2523500323295593, 0.7509214878082275, 99.0, 0.0, 1.0964252948760986, 0.015019525773823261, 0.0, 0.0, -1.0, 0.0, 1.0, 0.0, 0.0, 0.0, 1.0], "std": [1.6158493757247925, 6.534108638763428, 5.705639362335205, 8.568740844726562, 2.139735698699951, 2.2224903106689453, 0.9724081158638, 0.9788963198661804, 1.0826969146728516, 0.7593807578086853, 0.9724081158638, 0.7583133578300476, 0.0, 0.0, 0.06698434799909592, 1.2170461416244507, 0.5317484736442566, 0.6739787459373474, 0.5869554281234741, 0.517946183681488, 0.6972718238830566, 0.7598713636398315, 0.5866783857345581, 0.5311068296432495, 0.0, 0.0, 0.1256764680147171, 0.22516286373138428, 0.0, 0.0, 0.99880450963974, 0.12164860963821411, 0.0, 0.0, 0.0, 0.0, 0.0, 0.0, 0.0, 0.0, 0.0]}