{"mean": [4.2056450843811035, 16.759408950805664, 13.297042846679688, 3.4623656272888184, 4.392473220825195, 4.692204475402832, 2.6075267791748047, 2.612903118133545, 2.096774101257324, 0.0, 2.1908602714538574, 2.3360214233398438, 0.0, 0.0, 0.005376344081014395, 0.4462365508079529, 0.0, 0.0, 0.0, 0.0, 1.0094085931777954, 0.0, 0.0, 0.0, 0.2595715820789337, 0.30722227692604065, 0.21926181018352509, 0.09781058132648468, 89.95698547363281, 0.21639785170555115, 0.5900537371635437, 0.0, 0.0, 0.0, -1.0, 0.5430107712745667, 0.1572580635547638, 0.0, 0.29973119497299194, 0.14381720125675201, 1.0], "std": [2.362657070159912, 4.474232196807861, 6.473608493804932, 7.375064849853516, 1.5980294942855835, 2.2341153621673584, 1.2821362018585205, 1.2900468111038208, 1.3819799423217773, 0.0, 1.2260617017745972, 1.215641975402832, 0.0, 0.0, 0.08970187604427338, 0.5657918453216553, 0.0, 0.0, 0.0, 0.0, 1.010666012763977, 0.0, 0.0, 0.0, 0.1543867290019989, 0.18466369807720184, 0.19327132403850555, 0.25073373317718506, 27.29921531677246, 0.862061083316803, 0.9453195333480835, 0.0, 0.0, 0.0, 0.0, 0.49848175048828125, 0.3642888069152832, 0.0, 0.4584483504295349, 0.3511403501033783, 0.0]}